<mvc:View xmlns:core="sap.ui.core" 
    xmlns:mvc="sap.ui.core.mvc" 
    xmlns="sap.m" 
    xmlns:macros="sap.fe.macros"
    xmlns:f="sap.f"
    xmlns:html="http://www.w3.org/1999/xhtml" controllerName="flex.customlistreport.ext.main.Main">
        <f:DynamicPage id="FilterBarDefault" class="sapUiResponsiveContentPadding">
        <f:title>
            <f:DynamicPageTitle id="_IDGenDynamicPageTitle1">
                <f:heading>
                    <Title id="_IDGenTitle1" text="Manage Orders" level="H2" />
                </f:heading>
            </f:DynamicPageTitle>
        </f:title>
        <f:header>
            <f:DynamicPageHeader id="_IDGenDynamicPageHeader1" pinnable="true">
                <VBox id="_IDGenVBox1">
                    <macros:FilterBar 
                        metaPath="@com.sap.vocabularies.UI.v1.SelectionFields" 
                        id="FilterBar" 
                        filterChanged=".handlers.onFiltersChanged" />
                </VBox>
            </f:DynamicPageHeader>
        </f:header>
        <f:content>
            <macros:Table 
            id="myTable" 
            filterBar="FilterBar"
            readOnly="true"
            metaPath="@com.sap.vocabularies.UI.v1.LineItem">
                <macros:actions>
                    <macros:Action
                        key="customAction"
                        text="Create"
                        press=".onCreate"
                        requiresSelection="false"
                    />
                </macros:actions>
            </macros:Table>
        </f:content>
    </f:DynamicPage>
</mvc:View>