{
  "ext/wizard/Wizard.controller.js": 1673037601033,
  "i18n/i18n.properties": 1672949208600,
  "Component.js": 1673036201140,
  "i18n/customI18N.properties": 1673037440165,
  "ext/main/Main.controller.js": 1673036947967,
  "manifest.json": 1673126273472,
  "Component-preload.js": 1673126273842,
  "Component-dbg.js": 1673036201140,
  "ext/main/Main-dbg.controller.js": 1673036947967,
  "ext/wizard/Wizard-dbg.controller.js": 1673037601033,
  "ext/wizard/Wizard.view.xml": 1673037209440,
  "ext/main/Main.view.xml": 1672951970595,
  "annotations/annotation.xml": 1672949205440,
  "index.html": 1672949205432
}