{
  "annotations/annotation.xml": 1672344287118,
  "manifest.json": 1673126267454,
  "ext/main/Main.controller.js": 1673122259662,
  "ext/create/Create.controller.js": 1672346588114,
  "Component.js": 1672344287114,
  "Component-preload.js": 1673126267806,
  "ext/main/Main-dbg.controller.js": 1673122259662,
  "ext/create/Create-dbg.controller.js": 1672346588114,
  "Component-dbg.js": 1672344287114,
  "ext/main/Main.view.xml": 1672346049498,
  "ext/create/Create.view.xml": 1673121580116,
  "i18n/i18n.properties": 1673122722186,
  "index.html": 1672344287114
}